{
  "dataset": "amazon-google",
  "total_queries": 3226,
  "successful_queries": 3226,
  "queries_with_ground_truth": 1291,
  "total_rerank_time": 6.2894978523254395,
  "avg_rerank_time": 0.0019496273565794914,
  "config": {
    "simhash_bits": 64,
    "alpha": 0.8,
    "beta": 0.2,
    "use_3gram": true,
    "normalize_scores": true
  },
  "evaluation_available": true,
  "avg_original_recall@1": 0.7583268783888458,
  "avg_reranked_recall@1": 0.7513555383423702,
  "recall_improvement@1": -0.006971340046475594,
  "avg_rank_improvement@1": 0.0,
  "positive_improvements@1": 0,
  "negative_improvements@1": 0,
  "avg_original_recall@5": 0.9682416731216111,
  "avg_reranked_recall@5": 0.9666924864446166,
  "recall_improvement@5": -0.0015491866769945517,
  "avg_rank_improvement@5": -0.006196746707978312,
  "positive_improvements@5": 30,
  "negative_improvements@5": 40,
  "avg_original_recall@10": 0.9868319132455461,
  "avg_reranked_recall@10": 0.9868319132455461,
  "recall_improvement@10": 0.0,
  "avg_rank_improvement@10": -0.015491866769945779,
  "positive_improvements@10": 34,
  "negative_improvements@10": 48,
  "avg_original_recall@20": 0.9938032532920217,
  "avg_reranked_recall@20": 0.994577846630519,
  "recall_improvement@20": 0.0007745933384972759,
  "avg_rank_improvement@20": -0.023237800154918668,
  "positive_improvements@20": 35,
  "negative_improvements@20": 53
}