{
  "dataset": "dblp-googlescholar",
  "total_queries": 64263,
  "successful_queries": 64221,
  "queries_with_ground_truth": 5218,
  "total_rerank_time": 4.260680913925171,
  "avg_rerank_time": 6.634404499969124e-05,
  "config": {
    "simhash_bits": 64,
    "alpha": 0.6,
    "beta": 0.4,
    "use_3gram": true,
    "normalize_scores": true
  },
  "evaluation_available": true,
  "avg_original_recall@1": 0.9532387888079724,
  "avg_reranked_recall@1": 0.9532387888079724,
  "recall_improvement@1": 0.0,
  "avg_rank_improvement@1": 0.0,
  "positive_improvements@1": 0,
  "negative_improvements@1": 0,
  "avg_original_recall@5": 0.9862016098121886,
  "avg_reranked_recall@5": 0.9860099655040245,
  "recall_improvement@5": -0.00019164430816409617,
  "avg_rank_improvement@5": 0.0,
  "positive_improvements@5": 0,
  "negative_improvements@5": 0,
  "avg_original_recall@10": 0.9913760061326179,
  "avg_reranked_recall@10": 0.9911843618244538,
  "recall_improvement@10": -0.00019164430816409617,
  "avg_rank_improvement@10": 0.0,
  "positive_improvements@10": 0,
  "negative_improvements@10": 0,
  "avg_original_recall@20": 0.995975469528555,
  "avg_reranked_recall@20": 0.995783825220391,
  "recall_improvement@20": -0.00019164430816398514,
  "avg_rank_improvement@20": -0.0026830203142966655,
  "positive_improvements@20": 0,
  "negative_improvements@20": 2
}