{
  "dataset": "abt_buy",
  "total_queries": 1092,
  "successful_queries": 1092,
  "queries_with_ground_truth": 1092,
  "total_rerank_time": 292.3758239746094,
  "avg_rerank_time": 0.26774342854817706,
  "config": {
    "simhash_bits": 64,
    "alpha": 0.6,
    "beta": 0.4,
    "use_3gram": true,
    "normalize_scores": true
  },
  "evaluation_available": true,
  "avg_original_recall@1": 0.8727106227106227,
  "avg_reranked_recall@1": 0.8717948717948718,
  "recall_improvement@1": -0.0009157509157509125,
  "avg_rank_improvement@1": 0.0,
  "positive_improvements@1": 0,
  "negative_improvements@1": 0,
  "avg_original_recall@5": 0.967948717948718,
  "avg_reranked_recall@5": 0.9697802197802198,
  "recall_improvement@5": 0.001831501831501825,
  "avg_rank_improvement@5": -0.0009157509157509158,
  "positive_improvements@5": 25,
  "negative_improvements@5": 28,
  "avg_original_recall@10": 0.9826007326007326,
  "avg_reranked_recall@10": 0.9853479853479854,
  "recall_improvement@10": 0.0027472527472528485,
  "avg_rank_improvement@10": -0.0027472527472527475,
  "positive_improvements@10": 30,
  "negative_improvements@10": 35,
  "avg_original_recall@20": 0.9945054945054945,
  "avg_reranked_recall@20": 0.9945054945054945,
  "recall_improvement@20": 0.0,
  "avg_rank_improvement@20": 0.007326007326007326,
  "positive_improvements@20": 34,
  "negative_improvements@20": 41
}