{
  "dataset": "abt_buy",
  "total_queries": 1092,
  "successful_queries": 1092,
  "queries_with_ground_truth": 1092,
  "total_rerank_time": 312.12272596359253,
  "avg_rerank_time": 0.28582667212783197,
  "config": {
    "simhash_bits": 64,
    "alpha": 0.6,
    "beta": 0.4,
    "use_3gram": true,
    "normalize_scores": true
  },
  "evaluation_available": true,
  "avg_original_recall@1": 0.8727106227106227,
  "avg_reranked_recall@1": 0.8736263736263736,
  "recall_improvement@1": 0.0009157509157509125,
  "avg_rank_improvement@1": 0.0,
  "positive_improvements@1": 0,
  "negative_improvements@1": 0,
  "avg_original_recall@5": 0.967948717948718,
  "avg_reranked_recall@5": 0.9706959706959707,
  "recall_improvement@5": 0.0027472527472527375,
  "avg_rank_improvement@5": -0.0018315018315018315,
  "positive_improvements@5": 23,
  "negative_improvements@5": 24,
  "avg_original_recall@10": 0.9826007326007326,
  "avg_reranked_recall@10": 0.9816849816849816,
  "recall_improvement@10": -0.0009157509157509125,
  "avg_rank_improvement@10": 0.00641025641025641,
  "positive_improvements@10": 29,
  "negative_improvements@10": 28,
  "avg_original_recall@20": 0.9945054945054945,
  "avg_reranked_recall@20": 0.9945054945054945,
  "recall_improvement@20": 0.0,
  "avg_rank_improvement@20": 0.003663003663003663,
  "positive_improvements@20": 31,
  "negative_improvements@20": 32
}