{
  "total_queries_processed": 1092,
  "queries_with_ground_truth": 1092,
  "total_processing_time": 294.5765178203583,
  "avg_processing_time": 0.26975871595270906,
  "evaluation_available": true,
  "config": {
    "simhash_bits": 64,
    "alpha": 0.7,
    "beta": 0.3,
    "use_3gram": true,
    "normalize_scores": true
  },
  "avg_original_recall@1": 0.8727106227106227,
  "avg_reranked_recall@1": 0.8708791208791209,
  "recall_improvement@1": -0.001831501831501825,
  "avg_rank_improvement@1": 0.0,
  "positive_improvements@1": 0,
  "negative_improvements@1": 0,
  "avg_original_recall@5": 0.967948717948718,
  "avg_reranked_recall@5": 0.9688644688644689,
  "recall_improvement@5": 0.0009157509157509125,
  "avg_rank_improvement@5": -0.0009157509157509158,
  "positive_improvements@5": 19,
  "negative_improvements@5": 21,
  "avg_original_recall@10": 0.9826007326007326,
  "avg_reranked_recall@10": 0.9844322344322345,
  "recall_improvement@10": 0.001831501831501936,
  "avg_rank_improvement@10": -0.005494505494505495,
  "positive_improvements@10": 22,
  "negative_improvements@10": 26,
  "avg_original_recall@20": 0.9945054945054945,
  "avg_reranked_recall@20": 0.9945054945054945,
  "recall_improvement@20": 0.0,
  "avg_rank_improvement@20": 0.003663003663003663,
  "positive_improvements@20": 26,
  "negative_improvements@20": 28
}