{
  "dataset": "amazon-google",
  "total_queries": 3226,
  "successful_queries": 3225,
  "queries_with_ground_truth": 1290,
  "total_rerank_time": 182.7020778656006,
  "avg_rerank_time": 0.05665180709010871,
  "config": {
    "simhash_bits": 64,
    "alpha": 0.6,
    "beta": 0.4,
    "use_3gram": true,
    "normalize_scores": true
  },
  "evaluation_available": true,
  "avg_original_recall@1": 0.05116279069767442,
  "avg_reranked_recall@1": 0.1124031007751938,
  "recall_improvement@1": 0.061240310077519386,
  "avg_rank_improvement@1": 0.0,
  "positive_improvements@1": 0,
  "negative_improvements@1": 0,
  "avg_original_recall@5": 0.1,
  "avg_reranked_recall@5": 0.15426356589147286,
  "recall_improvement@5": 0.054263565891472854,
  "avg_rank_improvement@5": 0.07131782945736434,
  "positive_improvements@5": 55,
  "negative_improvements@5": 6,
  "avg_original_recall@10": 0.13565891472868216,
  "avg_reranked_recall@10": 0.1813953488372093,
  "recall_improvement@10": 0.04573643410852715,
  "avg_rank_improvement@10": 0.2364341085271318,
  "positive_improvements@10": 98,
  "negative_improvements@10": 10,
  "avg_original_recall@20": 0.162015503875969,
  "avg_reranked_recall@20": 0.19534883720930232,
  "recall_improvement@20": 0.033333333333333326,
  "avg_rank_improvement@20": 0.4968992248062015,
  "positive_improvements@20": 131,
  "negative_improvements@20": 10
}