{
  "dataset": "amazon-google",
  "total_queries": 3226,
  "successful_queries": 3225,
  "queries_with_ground_truth": 1290,
  "total_rerank_time": 6.992074251174927,
  "avg_rerank_time": 0.0021680850391240084,
  "config": {
    "simhash_bits": 64,
    "alpha": 0.6,
    "beta": 0.4,
    "use_3gram": true,
    "normalize_scores": true
  },
  "evaluation_available": true,
  "avg_original_recall@1": 0.05116279069767442,
  "avg_reranked_recall@1": 0.05426356589147287,
  "recall_improvement@1": 0.0031007751937984496,
  "avg_rank_improvement@1": 0.0,
  "positive_improvements@1": 0,
  "negative_improvements@1": 0,
  "avg_original_recall@5": 0.1,
  "avg_reranked_recall@5": 0.12015503875968993,
  "recall_improvement@5": 0.020155038759689922,
  "avg_rank_improvement@5": 0.0,
  "positive_improvements@5": 24,
  "negative_improvements@5": 22,
  "avg_original_recall@10": 0.13565891472868216,
  "avg_reranked_recall@10": 0.15891472868217055,
  "recall_improvement@10": 0.023255813953488386,
  "avg_rank_improvement@10": 0.06511627906976744,
  "positive_improvements@10": 56,
  "negative_improvements@10": 34,
  "avg_original_recall@20": 0.162015503875969,
  "avg_reranked_recall@20": 0.17131782945736435,
  "recall_improvement@20": 0.009302325581395349,
  "avg_rank_improvement@20": 0.16744186046511628,
  "positive_improvements@20": 81,
  "negative_improvements@20": 43
}