{
  "experiment_config": {
    "simhash_bits": 64,
    "alpha": 0.6,
    "beta": 0.4,
    "use_3gram": true,
    "normalize_scores": true
  },
  "total_processing_time": 362.97721767425537,
  "datasets_processed": 5,
  "datasets": {
    "abt_buy": {
      "dataset": "abt_buy",
      "success": true,
      "total_queries": 1092,
      "successful_queries": 1092,
      "queries_with_ground_truth": 1092,
      "processing_time": 292.7614321708679,
      "avg_rerank_time": 0.26774342854817706,
      "evaluation_report": {
        "dataset": "abt_buy",
        "total_queries": 1092,
        "successful_queries": 1092,
        "queries_with_ground_truth": 1092,
        "total_rerank_time": 292.3758239746094,
        "avg_rerank_time": 0.26774342854817706,
        "config": {
          "simhash_bits": 64,
          "alpha": 0.6,
          "beta": 0.4,
          "use_3gram": true,
          "normalize_scores": true
        },
        "evaluation_available": true,
        "avg_original_recall@1": 0.8727106227106227,
        "avg_reranked_recall@1": 0.8717948717948718,
        "recall_improvement@1": -0.0009157509157509125,
        "avg_rank_improvement@1": 0.0,
        "positive_improvements@1": 0,
        "negative_improvements@1": 0,
        "avg_original_recall@5": 0.967948717948718,
        "avg_reranked_recall@5": 0.9697802197802198,
        "recall_improvement@5": 0.001831501831501825,
        "avg_rank_improvement@5": -0.0009157509157509158,
        "positive_improvements@5": 25,
        "negative_improvements@5": 28,
        "avg_original_recall@10": 0.9826007326007326,
        "avg_reranked_recall@10": 0.9853479853479854,
        "recall_improvement@10": 0.0027472527472528485,
        "avg_rank_improvement@10": -0.0027472527472527475,
        "positive_improvements@10": 30,
        "negative_improvements@10": 35,
        "avg_original_recall@20": 0.9945054945054945,
        "avg_reranked_recall@20": 0.9945054945054945,
        "recall_improvement@20": 0.0,
        "avg_rank_improvement@20": 0.007326007326007326,
        "positive_improvements@20": 34,
        "negative_improvements@20": 41
      }
    },
    "amazon-google": {
      "dataset": "amazon-google",
      "success": true,
      "total_queries": 3226,
      "successful_queries": 3225,
      "queries_with_ground_truth": 1290,
      "processing_time": 7.428062200546265,
      "avg_rerank_time": 0.0021680850391240084,
      "evaluation_report": {
        "dataset": "amazon-google",
        "total_queries": 3226,
        "successful_queries": 3225,
        "queries_with_ground_truth": 1290,
        "total_rerank_time": 6.992074251174927,
        "avg_rerank_time": 0.0021680850391240084,
        "config": {
          "simhash_bits": 64,
          "alpha": 0.6,
          "beta": 0.4,
          "use_3gram": true,
          "normalize_scores": true
        },
        "evaluation_available": true,
        "avg_original_recall@1": 0.05116279069767442,
        "avg_reranked_recall@1": 0.05426356589147287,
        "recall_improvement@1": 0.0031007751937984496,
        "avg_rank_improvement@1": 0.0,
        "positive_improvements@1": 0,
        "negative_improvements@1": 0,
        "avg_original_recall@5": 0.1,
        "avg_reranked_recall@5": 0.12015503875968993,
        "recall_improvement@5": 0.020155038759689922,
        "avg_rank_improvement@5": 0.0,
        "positive_improvements@5": 24,
        "negative_improvements@5": 22,
        "avg_original_recall@10": 0.13565891472868216,
        "avg_reranked_recall@10": 0.15891472868217055,
        "recall_improvement@10": 0.023255813953488386,
        "avg_rank_improvement@10": 0.06511627906976744,
        "positive_improvements@10": 56,
        "negative_improvements@10": 34,
        "avg_original_recall@20": 0.162015503875969,
        "avg_reranked_recall@20": 0.17131782945736435,
        "recall_improvement@20": 0.009302325581395349,
        "avg_rank_improvement@20": 0.16744186046511628,
        "positive_improvements@20": 81,
        "negative_improvements@20": 43
      }
    },
    "dblp-googlescholar": {
      "dataset": "dblp-googlescholar",
      "success": true,
      "total_queries": 64263,
      "successful_queries": 64221,
      "queries_with_ground_truth": 5218,
      "processing_time": 10.58349609375,
      "avg_rerank_time": 6.634404499969124e-05,
      "evaluation_report": {
        "dataset": "dblp-googlescholar",
        "total_queries": 64263,
        "successful_queries": 64221,
        "queries_with_ground_truth": 5218,
        "total_rerank_time": 4.260680913925171,
        "avg_rerank_time": 6.634404499969124e-05,
        "config": {
          "simhash_bits": 64,
          "alpha": 0.6,
          "beta": 0.4,
          "use_3gram": true,
          "normalize_scores": true
        },
        "evaluation_available": true,
        "avg_original_recall@1": 0.9532387888079724,
        "avg_reranked_recall@1": 0.9532387888079724,
        "recall_improvement@1": 0.0,
        "avg_rank_improvement@1": 0.0,
        "positive_improvements@1": 0,
        "negative_improvements@1": 0,
        "avg_original_recall@5": 0.9862016098121886,
        "avg_reranked_recall@5": 0.9860099655040245,
        "recall_improvement@5": -0.00019164430816409617,
        "avg_rank_improvement@5": 0.0,
        "positive_improvements@5": 0,
        "negative_improvements@5": 0,
        "avg_original_recall@10": 0.9913760061326179,
        "avg_reranked_recall@10": 0.9911843618244538,
        "recall_improvement@10": -0.00019164430816409617,
        "avg_rank_improvement@10": 0.0,
        "positive_improvements@10": 0,
        "negative_improvements@10": 0,
        "avg_original_recall@20": 0.995975469528555,
        "avg_reranked_recall@20": 0.995783825220391,
        "recall_improvement@20": -0.00019164430816398514,
        "avg_rank_improvement@20": -0.0026830203142966655,
        "positive_improvements@20": 0,
        "negative_improvements@20": 2
      }
    },
    "dblp_acm": {
      "dataset": "dblp_acm",
      "success": true,
      "total_queries": 2294,
      "successful_queries": 2294,
      "queries_with_ground_truth": 2224,
      "processing_time": 0.46625781059265137,
      "avg_rerank_time": 7.280829478682075e-05,
      "evaluation_report": {
        "dataset": "dblp_acm",
        "total_queries": 2294,
        "successful_queries": 2294,
        "queries_with_ground_truth": 2224,
        "total_rerank_time": 0.1670222282409668,
        "avg_rerank_time": 7.280829478682075e-05,
        "config": {
          "simhash_bits": 64,
          "alpha": 0.6,
          "beta": 0.4,
          "use_3gram": true,
          "normalize_scores": true
        },
        "evaluation_available": true,
        "avg_original_recall@1": 0.9824640287769785,
        "avg_reranked_recall@1": 0.9824640287769785,
        "recall_improvement@1": 0.0,
        "avg_rank_improvement@1": 0.0,
        "positive_improvements@1": 0,
        "negative_improvements@1": 0,
        "avg_original_recall@5": 0.9968525179856115,
        "avg_reranked_recall@5": 0.9968525179856115,
        "recall_improvement@5": 0.0,
        "avg_rank_improvement@5": 0.0,
        "positive_improvements@5": 0,
        "negative_improvements@5": 0,
        "avg_original_recall@10": 0.9991007194244604,
        "avg_reranked_recall@10": 0.9991007194244604,
        "recall_improvement@10": 0.0,
        "avg_rank_improvement@10": 0.0,
        "positive_improvements@10": 0,
        "negative_improvements@10": 0,
        "avg_original_recall@20": 1.0,
        "avg_reranked_recall@20": 1.0,
        "recall_improvement@20": 0.0,
        "avg_rank_improvement@20": 0.0,
        "positive_improvements@20": 0,
        "negative_improvements@20": 0
      }
    },
    "walmart-amazon": {
      "dataset": "walmart-amazon",
      "success": true,
      "total_queries": 22074,
      "successful_queries": 22072,
      "queries_with_ground_truth": 1146,
      "processing_time": 51.52457618713379,