{
  "dataset": "dblp_acm",
  "total_queries": 2294,
  "successful_queries": 2294,
  "queries_with_ground_truth": 2224,
  "total_rerank_time": 248.90602564811707,
  "avg_rerank_time": 0.10850306261905714,
  "config": {
    "simhash_bits": 64,
    "alpha": 0.6,
    "beta": 0.4,
    "use_3gram": true,
    "normalize_scores": true
  },
  "evaluation_available": true,
  "avg_original_recall@1": 0.9824640287769785,
  "avg_reranked_recall@1": 0.9865107913669064,
  "recall_improvement@1": 0.004046762589927977,
  "avg_rank_improvement@1": 0.0,
  "positive_improvements@1": 0,
  "negative_improvements@1": 0,
  "avg_original_recall@5": 0.9968525179856115,
  "avg_reranked_recall@5": 0.9982014388489209,
  "recall_improvement@5": 0.0013489208633093996,
  "avg_rank_improvement@5": 0.006294964028776978,
  "positive_improvements@5": 16,
  "negative_improvements@5": 6,
  "avg_original_recall@10": 0.9991007194244604,
  "avg_reranked_recall@10": 0.9986510791366906,
  "recall_improvement@10": -0.0004496402877698369,
  "avg_rank_improvement@10": 0.009442446043165468,
  "positive_improvements@10": 19,
  "negative_improvements@10": 6,
  "avg_original_recall@20": 1.0,
  "avg_reranked_recall@20": 1.0,
  "recall_improvement@20": 0.0,
  "avg_rank_improvement@20": 0.008992805755395683,
  "positive_improvements@20": 20,
  "negative_improvements@20": 9
}