{
  "experiment_config": {
    "simhash_bits": 64,
    "alpha": 0.8,
    "beta": 0.2,
    "use_3gram": true,
    "normalize_scores": true
  },
  "total_processing_time": 62.70739936828613,
  "datasets_processed": 4,
  "datasets": {
    "amazon-google": {
      "dataset": "amazon-google",
      "success": true,
      "total_queries": 3226,
      "successful_queries": 3226,
      "queries_with_ground_truth": 1291,
      "processing_time": 6.763121604919434,
      "avg_rerank_time": 0.0019496273565794914,
      "evaluation_report": {
        "dataset": "amazon-google",
        "total_queries": 3226,
        "successful_queries": 3226,
        "queries_with_ground_truth": 1291,
        "total_rerank_time": 6.2894978523254395,
        "avg_rerank_time": 0.0019496273565794914,
        "config": {
          "simhash_bits": 64,
          "alpha": 0.8,
          "beta": 0.2,
          "use_3gram": true,
          "normalize_scores": true
        },
        "evaluation_available": true,
        "avg_original_recall@1": 0.7583268783888458,
        "avg_reranked_recall@1": 0.7513555383423702,
        "recall_improvement@1": -0.006971340046475594,
        "avg_rank_improvement@1": 0.0,
        "positive_improvements@1": 0,
        "negative_improvements@1": 0,
        "avg_original_recall@5": 0.9682416731216111,
        "avg_reranked_recall@5": 0.9666924864446166,
        "recall_improvement@5": -0.0015491866769945517,
        "avg_rank_improvement@5": -0.006196746707978312,
        "positive_improvements@5": 30,
        "negative_improvements@5": 40,
        "avg_original_recall@10": 0.9868319132455461,
        "avg_reranked_recall@10": 0.9868319132455461,
        "recall_improvement@10": 0.0,
        "avg_rank_improvement@10": -0.015491866769945779,
        "positive_improvements@10": 34,
        "negative_improvements@10": 48,
        "avg_original_recall@20": 0.9938032532920217,
        "avg_reranked_recall@20": 0.994577846630519,
        "recall_improvement@20": 0.0007745933384972759,
        "avg_rank_improvement@20": -0.023237800154918668,
        "positive_improvements@20": 35,
        "negative_improvements@20": 53
      }
    },
    "dblp-acm": {
      "dataset": "dblp-acm",
      "success": true,
      "total_queries": 2294,
      "successful_queries": 2294,
      "queries_with_ground_truth": 2224,
      "processing_time": 0.4675107002258301,
      "avg_rerank_time": 7.632730728455388e-05,
      "evaluation_report": {
        "dataset": "dblp-acm",
        "total_queries": 2294,
        "successful_queries": 2294,
        "queries_with_ground_truth": 2224,
        "total_rerank_time": 0.1750948429107666,
        "avg_rerank_time": 7.632730728455388e-05,
        "config": {
          "simhash_bits": 64,
          "alpha": 0.8,
          "beta": 0.2,
          "use_3gram": true,
          "normalize_scores": true
        },
        "evaluation_available": true,
        "avg_original_recall@1": 0.983363309352518,
        "avg_reranked_recall@1": 0.983363309352518,
        "recall_improvement@1": 0.0,
        "avg_rank_improvement@1": 0.0,
        "positive_improvements@1": 0,
        "negative_improvements@1": 0,
        "avg_original_recall@5": 0.9968525179856115,
        "avg_reranked_recall@5": 0.9968525179856115,
        "recall_improvement@5": 0.0,
        "avg_rank_improvement@5": 0.0,
        "positive_improvements@5": 0,
        "negative_improvements@5": 0,
        "avg_original_recall@10": 0.9991007194244604,
        "avg_reranked_recall@10": 0.9991007194244604,
        "recall_improvement@10": 0.0,
        "avg_rank_improvement@10": 0.0,
        "positive_improvements@10": 0,
        "negative_improvements@10": 0,
        "avg_original_recall@20": 1.0,
        "avg_reranked_recall@20": 1.0,
        "recall_improvement@20": 0.0,
        "avg_rank_improvement@20": 0.0004496402877697842,
        "positive_improvements@20": 1,
        "negative_improvements@20": 0
      }
    },
    "dblp-googlescholar": {
      "dataset": "dblp-googlescholar",
      "success": true,
      "total_queries": 64263,
      "successful_queries": 64254,
      "queries_with_ground_truth": 5218,
      "processing_time": 11.048198699951172,
      "avg_rerank_time": 6.949150191601033e-05,
      "evaluation_report": {
        "dataset": "dblp-googlescholar",
        "total_queries": 64263,
        "successful_queries": 64254,
        "queries_with_ground_truth": 5218,
        "total_rerank_time": 4.465106964111328,
        "avg_rerank_time": 6.949150191601033e-05,
        "config": {
          "simhash_bits": 64,
          "alpha": 0.8,
          "beta": 0.2,
          "use_3gram": true,
          "normalize_scores": true
        },
        "evaluation_available": true,
        "avg_original_recall@1": 0.9725948639325412,
        "avg_reranked_recall@1": 0.9725948639325412,
        "recall_improvement@1": 0.0,
        "avg_rank_improvement@1": 0.0,
        "positive_improvements@1": 0,
        "negative_improvements@1": 0,
        "avg_original_recall@5": 0.9955921809122269,
        "avg_reranked_recall@5": 0.9955921809122269,
        "recall_improvement@5": 0.0,
        "avg_rank_improvement@5": 0.0,
        "positive_improvements@5": 0,
        "negative_improvements@5": 0,
        "avg_original_recall@10": 0.9977002683020314,
        "avg_reranked_recall@10": 0.9977002683020314,
        "recall_improvement@10": 0.0,
        "avg_rank_improvement@10": 0.0,
        "positive_improvements@10": 0,
        "negative_improvements@10": 0,
        "avg_original_recall@20": 0.9988501341510158,
        "avg_reranked_recall@20": 0.9988501341510158,
        "recall_improvement@20": 0.0,
        "avg_rank_improvement@20": 0.0,
        "positive_improvements@20": 1,
        "negative_improvements@20": 2
      }
    },
    "walmart-amazon": {
      "dataset": "walmart-amazon",
      "success": true,
      "total_queries": 22074,
      "successful_queries": 22074,
      "queries_with_ground_truth": 1146,
      "processing_time": 44.211188077926636,
      "avg_rerank_time": 0.0018511844456838484,
      "evaluation_report": {
        "dataset": "walmart-amazon",
        "total_queries": 22074,
        "successful_queries": 22074,
        "queries_with_ground_truth": 1146,
        "total_rerank_time": 40.86304545402527,
        "avg_rerank_time": 0.0018511844456838484,
        "config": {
          "simhash_bits": 64,
          "alpha": 0.8,
          "beta": 0.2,
          "use_3gram": true,
          "normalize_scores": true
        },
        "evaluation_available": true,
        "avg_original_recall@1": 0.9458987783595113,
        "avg_reranked_recall@1": 0.9458987783595113,
        "recall_improvement@1": 0.0,
        "avg_rank_improvement@1": 0.0,
        "positive_improvements@1": 0,
        "negative_improvements@1": 0,
        "avg_original_recall@5": 0.9973821989528796,
        "avg_reranked_recall@5": 0.9973821989528796,
        "recall_improvement@5": 0.0,
        "avg_rank_improvement@5": 0.0,
        "positive_improvements@5": 0,
        "negative_improvements@5": 0,
        "avg_original_recall@10": 1.0,
        "avg_reranked_recall@10": 1.0,
        "recall_improvement@10": 0.0,
        "avg_rank_improvement@10": 0.0,
        "positive_improvements@10": 0,
        "negative_improvements@10": 0,
        "avg_original_recall@20": 1.0,
        "avg_reranked_recall@20": 1.0,
        "recall_improvement@20": 0.0,
        "avg_rank_improvement@20": 0.0,
        "positive_improvements@20": 0,
        "negative_improvements@20": 0
      }
    }
  },
  "overall_statistics": {
    "total_evaluated_queries": 9879,
    "weighted_avg_original_recall@1": 0.9439214495394271,
    "weighted_avg_reranked_recall@1": 0.9430104261564936,
    "overall_recall_improvement@1": -0.0009110233829335845,
    "total_positive_improvements@1": 0,
    "weighted_avg_original_recall@5": 0.9925093632958802,
    "weighted_avg_reranked_recall@5": 0.9923069136552283,